title,created_utc,score,url,num_comments
"Goodbye, Starbucks My Daily Venti Ice Coffee Now Costs Over $5",1713024460.0,938,https://www.reddit.com/r/starbucks/comments/1c35fh3/goodbye_starbucks_my_daily_venti_ice_coffee_now/,271
Officially broken up with Starbucks ,1712447977.0,857,https://www.reddit.com/r/starbucks/comments/1bxq7ej/officially_broken_up_with_starbucks/,290
Dear Baristas‚Ä¶ please don‚Äôt be *quite* so condescending if something seems weird ü§£,1720453105.0,863,https://www.reddit.com/r/starbucks/comments/1dybz9u/dear_baristas_please_dont_be_quite_so/,218
what is going on??? why are we behaving like children???,1717269927.0,717,https://www.reddit.com/r/starbucks/comments/1d5uoqh/what_is_going_on_why_are_we_behaving_like_children/,139
Changes the CEO has announced,1730458475.0,694,https://www.reddit.com/r/starbucks/comments/1gh2ltf/changes_the_ceo_has_announced/,153
Starbucks raising price almost every month now. Ridiculous,1711993108.0,681,https://www.reddit.com/r/starbucks/comments/1bta4eh/starbucks_raising_price_almost_every_month_now/,344
Be careful‚Äîalmost got scammed out of a tip,1717285484.0,615,https://www.reddit.com/r/starbucks/comments/1d6061s/be_carefulalmost_got_scammed_out_of_a_tip/,91
$3 grande deal fail and I want to cry,1715803930.0,550,https://www.reddit.com/r/starbucks/comments/1csuj3f/3_grande_deal_fail_and_i_want_to_cry/,151
Thank you Starbucks,1715257482.0,465,https://www.reddit.com/r/starbucks/comments/1cnvzll/thank_you_starbucks/,102
Having so much fun calling people out.,1711726865.0,389,https://www.reddit.com/r/starbucks/comments/1bqsd4j/having_so_much_fun_calling_people_out/,58
am i gonna get in trouble?,1717426491.0,360,https://www.reddit.com/r/starbucks/comments/1d76ejf/am_i_gonna_get_in_trouble/,106
Tips from a Barista to YOU ü´µ,1716399399.0,343,https://www.reddit.com/r/starbucks/comments/1cy672x/tips_from_a_barista_to_you/,52
Customers who tell you they're not going to tip?,1722822802.0,306,https://www.reddit.com/r/starbucks/comments/1ekc229/customers_who_tell_you_theyre_not_going_to_tip/,65
Maybe you shouldn‚Äôt come? ,1729269832.0,302,https://www.reddit.com/r/starbucks/comments/1g6moot/maybe_you_shouldnt_come/,124
Teenagers coming in and purposely ordering the wrong size?,1712003135.0,292,https://www.reddit.com/r/starbucks/comments/1btemdg/teenagers_coming_in_and_purposely_ordering_the/,52
Price increases are unsustainable ,1724434444.0,290,https://www.reddit.com/r/starbucks/comments/1eziqoh/price_increases_are_unsustainable/,113
"Crazy prices, almost $7 for a grande ",1729097239.0,284,https://www.reddit.com/r/starbucks/comments/1g5400j/crazy_prices_almost_7_for_a_grande/,198
‚ÄúWhat‚Äôs today‚Äôs deal?‚Äù,1728215691.0,269,https://www.reddit.com/r/starbucks/comments/1fxes20/whats_todays_deal/,39
Corporate is losing its Focus! Mission is going out the door,1716810691.0,266,https://www.reddit.com/r/starbucks/comments/1d1pq9a/corporate_is_losing_its_focus_mission_is_going/,42
Anyone think sales are down due to pricing?,1714622632.0,261,https://www.reddit.com/r/starbucks/comments/1ci6bsn/anyone_think_sales_are_down_due_to_pricing/,126
"Customers, This is on You",1721777094.0,249,https://www.reddit.com/r/starbucks/comments/1eamex1/customers_this_is_on_you/,63
Price Surging,1715090884.0,248,https://www.reddit.com/r/starbucks/comments/1cmcs29/price_surging/,62
Genuinely why is Oleato being pushed so hard?,1705958352.0,242,https://www.reddit.com/r/starbucks/comments/19d6oir/genuinely_why_is_oleato_being_pushed_so_hard/,133
Fellow Baristas PLEEEEEAAAASE Ring Up Your Orders Correctly,1708054365.0,211,https://www.reddit.com/r/starbucks/comments/1arysgo/fellow_baristas_pleeeeeaaaase_ring_up_your_orders/,35
You're now Starbucks' CEO. How do you fix the company?,1723625308.0,211,https://www.reddit.com/r/starbucks/comments/1erwmnz/youre_now_starbucks_ceo_how_do_you_fix_the_company/,153
Have the prices gone up again?,1704416606.0,184,https://www.reddit.com/r/starbucks/comments/18ytoln/have_the_prices_gone_up_again/,135
Customers leaving Starbucks due to high drink prices,1722384549.0,177,https://www.reddit.com/r/starbucks/comments/1eg92a3/customers_leaving_starbucks_due_to_high_drink/,96
